{
    "best_index": 0,
    "best_params": {
        "n_components": 9
    },
    "best_score": 0.7792814960629921,
    "results": {
        "mean_fit_time": {
            "0": 251.5680937767,
            "1": 280.6114770889,
            "2": 286.6935458422,
            "3": 282.8643872499,
            "4": 296.6259386301,
            "5": 283.6093043804,
            "6": 292.2729590893,
            "7": 283.1376820326,
            "8": 280.4381440163,
            "9": 217.3852499247
        },
        "mean_score_time": {
            "0": 0.3235779762,
            "1": 0.1769194365,
            "2": 0.1941190958,
            "3": 0.1437240601,
            "4": 0.1669599295,
            "5": 0.1313781977,
            "6": 0.1499138594,
            "7": 0.1409571886,
            "8": 0.1036997557,
            "9": 0.0382745266
        },
        "mean_test_score": {
            "0": 0.7792814961,
            "1": 0.7792814961,
            "2": 0.7792814961,
            "3": 0.7792814961,
            "4": 0.7792814961,
            "5": 0.7792814961,
            "6": 0.7792814961,
            "7": 0.7792814961,
            "8": 0.7792814961,
            "9": 0.7792814961
        },
        "mean_train_score": {
            "0": 0.9975120129,
            "1": 0.9975120129,
            "2": 0.9975120129,
            "3": 0.9975120129,
            "4": 0.9975120129,
            "5": 0.9975120129,
            "6": 0.9975120129,
            "7": 0.9975120129,
            "8": 0.9975120129,
            "9": 0.9975120129
        },
        "param_n_components": {
            "0": 9,
            "1": 10,
            "2": 12,
            "3": 13,
            "4": 15,
            "5": 17,
            "6": 20,
            "7": 23,
            "8": 26,
            "9": 28
        },
        "params": {
            "0": {
                "n_components": 9
            },
            "1": {
                "n_components": 10
            },
            "2": {
                "n_components": 12
            },
            "3": {
                "n_components": 13
            },
            "4": {
                "n_components": 15
            },
            "5": {
                "n_components": 17
            },
            "6": {
                "n_components": 20
            },
            "7": {
                "n_components": 23
            },
            "8": {
                "n_components": 26
            },
            "9": {
                "n_components": 28
            }
        },
        "rank_test_score": {
            "0": 1,
            "1": 1,
            "2": 1,
            "3": 1,
            "4": 1,
            "5": 1,
            "6": 1,
            "7": 1,
            "8": 1,
            "9": 1
        },
        "split0_test_score": {
            "0": 0.8082524272,
            "1": 0.8082524272,
            "2": 0.8082524272,
            "3": 0.8082524272,
            "4": 0.8082524272,
            "5": 0.8082524272,
            "6": 0.8082524272,
            "7": 0.8082524272,
            "8": 0.8082524272,
            "9": 0.8082524272
        },
        "split0_train_score": {
            "0": 0.9980832421,
            "1": 0.9980832421,
            "2": 0.9980832421,
            "3": 0.9980832421,
            "4": 0.9980832421,
            "5": 0.9980832421,
            "6": 0.9980832421,
            "7": 0.9980832421,
            "8": 0.9980832421,
            "9": 0.9980832421
        },
        "split1_test_score": {
            "0": 0.7924757282,
            "1": 0.7924757282,
            "2": 0.7924757282,
            "3": 0.7924757282,
            "4": 0.7924757282,
            "5": 0.7924757282,
            "6": 0.7924757282,
            "7": 0.7924757282,
            "8": 0.7924757282,
            "9": 0.7924757282
        },
        "split1_train_score": {
            "0": 0.9972617744,
            "1": 0.9972617744,
            "2": 0.9972617744,
            "3": 0.9972617744,
            "4": 0.9972617744,
            "5": 0.9972617744,
            "6": 0.9972617744,
            "7": 0.9972617744,
            "8": 0.9972617744,
            "9": 0.9972617744
        },
        "split2_test_score": {
            "0": 0.7743902439,
            "1": 0.7743902439,
            "2": 0.7743902439,
            "3": 0.7743902439,
            "4": 0.7743902439,
            "5": 0.7743902439,
            "6": 0.7743902439,
            "7": 0.7743902439,
            "8": 0.7743902439,
            "9": 0.7743902439
        },
        "split2_train_score": {
            "0": 0.9974001095,
            "1": 0.9974001095,
            "2": 0.9974001095,
            "3": 0.9974001095,
            "4": 0.9974001095,
            "5": 0.9974001095,
            "6": 0.9974001095,
            "7": 0.9974001095,
            "8": 0.9974001095,
            "9": 0.9974001095
        },
        "split3_test_score": {
            "0": 0.7841463415,
            "1": 0.7841463415,
            "2": 0.7841463415,
            "3": 0.7841463415,
            "4": 0.7841463415,
            "5": 0.7841463415,
            "6": 0.7841463415,
            "7": 0.7841463415,
            "8": 0.7841463415,
            "9": 0.7841463415
        },
        "split3_train_score": {
            "0": 0.9972632731,
            "1": 0.9972632731,
            "2": 0.9972632731,
            "3": 0.9972632731,
            "4": 0.9972632731,
            "5": 0.9972632731,
            "6": 0.9972632731,
            "7": 0.9972632731,
            "8": 0.9972632731,
            "9": 0.9972632731
        },
        "split4_test_score": {
            "0": 0.8014796547,
            "1": 0.8014796547,
            "2": 0.8014796547,
            "3": 0.8014796547,
            "4": 0.8014796547,
            "5": 0.8014796547,
            "6": 0.8014796547,
            "7": 0.8014796547,
            "8": 0.8014796547,
            "9": 0.8014796547
        },
        "split4_train_score": {
            "0": 0.9972666393,
            "1": 0.9972666393,
            "2": 0.9972666393,
            "3": 0.9972666393,
            "4": 0.9972666393,
            "5": 0.9972666393,
            "6": 0.9972666393,
            "7": 0.9972666393,
            "8": 0.9972666393,
            "9": 0.9972666393
        },
        "split5_test_score": {
            "0": 0.7928483354,
            "1": 0.7928483354,
            "2": 0.7928483354,
            "3": 0.7928483354,
            "4": 0.7928483354,
            "5": 0.7928483354,
            "6": 0.7928483354,
            "7": 0.7928483354,
            "8": 0.7928483354,
            "9": 0.7928483354
        },
        "split5_train_score": {
            "0": 0.9976766434,
            "1": 0.9976766434,
            "2": 0.9976766434,
            "3": 0.9976766434,
            "4": 0.9976766434,
            "5": 0.9976766434,
            "6": 0.9976766434,
            "7": 0.9976766434,
            "8": 0.9976766434,
            "9": 0.9976766434
        },
        "split6_test_score": {
            "0": 0.8178438662,
            "1": 0.8178438662,
            "2": 0.8178438662,
            "3": 0.8178438662,
            "4": 0.8178438662,
            "5": 0.8178438662,
            "6": 0.8178438662,
            "7": 0.8178438662,
            "8": 0.8178438662,
            "9": 0.8178438662
        },
        "split6_train_score": {
            "0": 0.9974047261,
            "1": 0.9974047261,
            "2": 0.9974047261,
            "3": 0.9974047261,
            "4": 0.9974047261,
            "5": 0.9974047261,
            "6": 0.9974047261,
            "7": 0.9974047261,
            "8": 0.9974047261,
            "9": 0.9974047261
        },
        "split7_test_score": {
            "0": 0.7484510533,
            "1": 0.7484510533,
            "2": 0.7484510533,
            "3": 0.7484510533,
            "4": 0.7484510533,
            "5": 0.7484510533,
            "6": 0.7484510533,
            "7": 0.7484510533,
            "8": 0.7484510533,