{
    "best_index": 3,
    "best_params": {
        "shrinkage": 0.2
    },
    "best_score": 0.8325541338582677,
    "results": {
        "mean_fit_time": {
            "0": 299.3710903406,
            "1": 200.8278302431,
            "10": 201.6327367783,
            "11": 138.5988099098,
            "2": 207.9738051653,
            "3": 206.6294532299,
            "4": 221.2069258213,
            "5": 208.2850193024,
            "6": 220.9642819405,
            "7": 211.6956836939,
            "8": 210.0223726511,
            "9": 218.3747895002
        },
        "mean_score_time": {
            "0": 0.22272017,
            "1": 0.3059059858,
            "10": 0.0783269405,
            "11": 0.0359904289,
            "2": 0.1793301821,
            "3": 0.1396073103,
            "4": 0.1374293089,
            "5": 0.1291749954,
            "6": 0.1166909218,
            "7": 0.1330493689,
            "8": 0.1039959669,
            "9": 0.1200500488
        },
        "mean_test_score": {
            "0": 0.8244340551,
            "1": 0.7792814961,
            "10": 0.8019192913,
            "11": 0.7320374016,
            "2": 0.828617126,
            "3": 0.8325541339,
            "4": 0.8304625984,
            "5": 0.827140748,
            "6": 0.8255413386,
            "7": 0.8211122047,
            "8": 0.8160679134,
            "9": 0.811023622
        },
        "mean_train_score": {
            "0": 0.9311136741,
            "1": 0.9975120129,
            "10": 0.8439102107,
            "11": 0.7507762153,
            "2": 0.9753382882,
            "3": 0.9586733185,
            "4": 0.9445791956,
            "5": 0.9309905199,
            "6": 0.9169645697,
            "7": 0.9021320326,
            "8": 0.8865201184,
            "9": 0.8684067032
        },
        "param_shrinkage": {
            "0": "auto",
            "1": 0.0,
            "10": 0.9,
            "11": 1.0,
            "2": 0.1,
            "3": 0.2,
            "4": 0.3,
            "5": 0.4,
            "6": 0.5,
            "7": 0.6,
            "8": 0.7,
            "9": 0.8
        },
        "params": {
            "0": {
                "shrinkage": "auto"
            },
            "1": {
                "shrinkage": 0.0
            },
            "10": {
                "shrinkage": 0.9
            },
            "11": {
                "shrinkage": 1.0
            },
            "2": {
                "shrinkage": 0.1
            },
            "3": {
                "shrinkage": 0.2
            },
            "4": {
                "shrinkage": 0.3
            },
            "5": {
                "shrinkage": 0.4
            },
            "6": {
                "shrinkage": 0.5
            },
            "7": {
                "shrinkage": 0.6
            },
            "8": {
                "shrinkage": 0.7
            },
            "9": {
                "shrinkage": 0.8
            }
        },
        "rank_test_score": {
            "0": 6,
            "1": 11,
            "10": 10,
            "11": 12,
            "2": 3,
            "3": 1,
            "4": 2,
            "5": 4,
            "6": 5,
            "7": 7,
            "8": 8,
            "9": 9
        },
        "split0_test_score": {
            "0": 0.8665048544,
            "1": 0.8082524272,
            "10": 0.8410194175,
            "11": 0.7718446602,
            "2": 0.8628640777,
            "3": 0.8640776699,
            "4": 0.8689320388,
            "5": 0.8652912621,
            "6": 0.8616504854,
            "7": 0.8604368932,
            "8": 0.8519417476,
            "9": 0.8470873786
        },
        "split0_train_score": {
            "0": 0.9290799562,
            "1": 0.9980832421,
            "10": 0.841456736,
            "11": 0.7464403067,
            "2": 0.9750821468,
            "3": 0.9561883899,
            "4": 0.9429079956,
            "5": 0.9288061336,
            "6": 0.9155257393,
            "7": 0.8999178532,
            "8": 0.8849945235,
            "9": 0.8661007667
        },
        "split1_test_score": {
            "0": 0.8519417476,
            "1": 0.7924757282,
            "10": 0.822815534,
            "11": 0.7439320388,
            "2": 0.8446601942,
            "3": 0.854368932,
            "4": 0.8555825243,
            "5": 0.8495145631,
            "6": 0.8470873786,
            "7": 0.8410194175,
            "8": 0.8410194175,
            "9": 0.8313106796
        },
        "split1_train_score": {
            "0": 0.9290799562,
            "1": 0.9972617744,
            "10": 0.8387185104,
            "11": 0.7478094195,
            "2": 0.9753559693,
            "3": 0.9571467689,
            "4": 0.943592552,
            "5": 0.9292168675,
            "6": 0.9137458927,
            "7": 0.8993702081,
            "8": 0.8821193866,
            "9": 0.86432092
        },
        "split2_test_score": {
            "0": 0.8390243902,
            "1": 0.7743902439,
            "10": 0.806097561,
            "11": 0.7341463415,
            "2": 0.8280487805,
            "3": 0.8463414634,
            "4": 0.8390243902,
            "5": 0.8365853659,
            "6": 0.8341463415,
            "7": 0.8304878049,
            "8": 0.8256097561,
            "9": 0.8158536585
        },
        "split2_train_score": {
            "0": 0.9270662288,
            "1": 0.9974001095,
            "10": 0.8408593322,
            "11": 0.7493158183,
            "2": 0.9748221128,
            "3": 0.9578544061,
            "4": 0.9422550629,
            "5": 0.9278872469,
            "6": 0.9135194308,
            "7": 0.8987411056,
            "8": 0.8824575807,
            "9": 0.8627531472
        },
        "split3_test_score": {
            "0": 0.8487804878,
            "1": 0.7841463415,
            "10": 0.8170731707,
            "11": 0.743902439,
            "2": 0.8609756098,
            "3": 0.8646341463,
            "4": 0.8573170732,
            "5": 0.8524390244,
            "6": 0.8451219512,
            "7": 0.8414634146,
            "8": 0.8365853659,
            "9": 0.8268292683
        },
        "split3_train_score": {
            "0": 0.9311713191,
            "1": 0.9972632731,
            "10": 0.8430487137,
            "11": 0.7497263273,
            "2": 0.9744116037,
            "3": 0.9584017515,
            "4": 0.9447181171,
            "5": 0.9307608101,
            "6": 0.9165298303,
            "7": 0.9007936508,
            "8": 0.8842364532,
            "9": 0.8657635468
        },
        "split4_test_score": {
            "0": 0.8569667078,
            "1": 0.8014796547,
            "10": 0.8397040691,
            "11": 0.7533908755,
            "2": 0.8668310727,
            "3": 0.8680641184,
            "4": 0.8618988903,
            "5": 0.8606658446,
            "6": 0.8618988903,
            "7": 0.8557336621,
            "8": 0.8508014797,
            "9": 0.8458692972
        },
        "split4_train_score": {
            "0": 0.9300259669,
            "1": 0.9972666393,
            "10": 0.8413284133,
            "11": 0.7497608309,
            "2": 0.9745797458,
            "3": 0.9579062457,
            "4": 0.9420527539,
            "5": 0.9287959546,
            "6": 0.9126691267,
            "7": 0.8969523029,
            "8": 0.8830121635,
            "9": 0.8670220036
        },
        "split5_test_score": {
            "0": 0.849568434,
            "1": 0.7928483354,
            "10": 0.8298397041,
            "11": 0.7447595561,
            "2": 0.849568434,
            "3": 0.8557336621,
            "4": 0.8557336621,
            "5": 0.8545006165,
            "6": 0.8581997534,
            "7": 0.8545006165,
            "8": 0.8409371147,
            "9": 0.8360049322
        },
        "split5_train_score": {
            "0": 0.9316659833,
            "1": 0.9976766434,
            "10": 0.8409184092,
            "11": 0.7488041547,
            "2": 0.9751264179,