{
   "best_score":0.7699311023622047,
   "best_params":{
      "n_estimators":100,
      "max_features":"sqrt",
      "max_depth":20,
      "criterion":"gini"
   },
   "best_index":2,
   "results":{
      "mean_fit_time":{
         "0":48.7190841198,
         "1":49.0395885468,
         "2":24.543818903,
         "3":32.4577990532,
         "4":103.2270651102,
         "5":3.6315016985,
         "6":3.1844442368,
         "7":64.5271406651,
         "8":14.0306032896,
         "9":3.0740775347
      },
      "mean_score_time":{
         "0":0.175739336,
         "1":0.1098623753,
         "2":0.0599218845,
         "3":0.1094674587,
         "4":0.0561059237,
         "5":0.0393975496,
         "6":0.0359615326,
         "7":0.1847854137,
         "8":0.1684630871,
         "9":0.0344944239
      },
      "mean_test_score":{
         "0":0.5836614173,
         "1":0.6525590551,
         "2":0.7699311024,
         "3":0.5826771654,
         "4":0.7672244094,
         "5":0.7160433071,
         "6":0.734867126,
         "7":0.7647637795,
         "8":0.7636564961,
         "9":0.7394192913
      },
      "mean_train_score":{
         "0":0.6308781415,
         "1":0.7107494111,
         "2":0.9997538328,
         "3":0.6287993894,
         "4":1.0,
         "5":0.9079034955,
         "6":0.99998635,
         "7":1.0,
         "8":0.9981545552,
         "9":0.9999043752
      },
      "param_criterion":{
         "0":"gini",
         "1":"entropy",
         "2":"gini",
         "3":"gini",
         "4":"entropy",
         "5":"gini",
         "6":"gini",
         "7":"entropy",
         "8":"gini",
         "9":"gini"
      },
      "param_max_depth":{
         "0":5,
         "1":5,
         "2":20,
         "3":5,
         "4":20,
         "5":10,
         "6":30,
         "7":15,
         "8":15,
         "9":20
      },
      "param_max_features":{
         "0":"sqrt",
         "1":"log2",
         "2":"sqrt",
         "3":"sqrt",
         "4":"sqrt",
         "5":"log2",
         "6":"log2",
         "7":"log2",
         "8":"log2",
         "9":"log2"
      },
      "param_n_estimators":{
         "0":600,
         "1":400,
         "2":100,
         "3":400,
         "4":100,
         "5":100,
         "6":50,
         "7":300,
         "8":300,
         "9":50
      },
      "params":{
         "0":{
            "n_estimators":600,
            "max_features":"sqrt",
            "max_depth":5,
            "criterion":"gini"
         },
         "1":{
            "n_estimators":400,
            "max_features":"log2",
            "max_depth":5,
            "criterion":"entropy"
         },
         "2":{
            "n_estimators":100,
            "max_features":"sqrt",
            "max_depth":20,
            "criterion":"gini"
         },
         "3":{
            "n_estimators":400,
            "max_features":"sqrt",
            "max_depth":5,
            "criterion":"gini"
         },
         "4":{
            "n_estimators":100,
            "max_features":"sqrt",
            "max_depth":20,
            "criterion":"entropy"
         },
         "5":{
            "n_estimators":100,
            "max_features":"log2",
            "max_depth":10,
            "criterion":"gini"
         },
         "6":{
            "n_estimators":50,
            "max_features":"log2",
            "max_depth":30,
            "criterion":"gini"
         },
         "7":{
            "n_estimators":300,
            "max_features":"log2",
            "max_depth":15,
            "criterion":"entropy"
         },
         "8":{
            "n_estimators":300,
            "max_features":"log2",
            "max_depth":15,
            "criterion":"gini"
         },
         "9":{
            "n_estimators":50,
            "max_features":"log2",
            "max_depth":20,
            "criterion":"gini"
         }
      },
      "rank_test_score":{
         "0":9,
         "1":8,
         "2":1,
         "3":10,
         "4":2,
         "5":7,
         "6":6,
         "7":3,
         "8":4,
         "9":5
      },
      "split0_test_score":{
         "0":0.6080097087,
         "1":0.6759708738,
         "2":0.802184466,
         "3":0.6019417476,
         "4":0.7924757282,
         "5":0.7487864078,
         "6":0.7669902913,
         "7":0.7888349515,
         "8":0.786407767,
         "9":0.7730582524
      },
      "split0_train_score":{
         "0":0.6311610077,
         "1":0.7046823658,
         "2":0.9995892662,
         "3":0.6306133625,
         "4":1.0,
         "5":0.9070372399,
         "6":1.0,
         "7":1.0,
         "8":0.9984939759,
         "9":1.0
      },
      "split1_test_score":{
         "0":0.588592233,
         "1":0.6492718447,
         "2":0.7791262136,
         "3":0.5691747573,
         "4":0.7669902913,
         "5":0.7220873786,
         "6":0.734223301,
         "7":0.7754854369,
         "8":0.7718446602,
         "9":0.7463592233
      },
      "split1_train_score":{
         "0":0.6334884995,
         "1":0.7093373494,
         "2":0.9997261774,
         "3":0.6234939759,
         "4":1.0,
         "5":0.9131982475,
         "6":1.0,
         "7":1.0,
         "8":0.9982201533,
         "9":0.9998630887
      },
      "split2_test_score":{
         "0":0.5792682927,
         "1":0.662195122,
         "2":0.7756097561,
         "3":0.5804878049,
         "4":0.7658536585,
         "5":0.7109756098,
         "6":0.7256097561,
         "7":0.762195122,
         "8":0.7682926829,
         "9":0.7329268293
      },
      "split2_train_score":{
         "0":0.6314997263,
         "1":0.7084017515,
         "2":0.999589491,
         "3":0.6319102354,
         "4":1.0,
         "5":0.9088669951,
         "6":1.0,
         "7":1.0,
         "8":0.9979474548,
         "9":1.0
      },
      "split3_test_score":{
         "0":0.6024390244,
         "1":0.6585365854,
         "2":0.7756097561,
         "3":0.6024390244,
         "4":0.7841463415,
         "5":0.7280487805,
         "6":0.7487804878,
         "7":0.7792682927,
         "8":0.7756097561,
         "9":0.743902439
      },
      "split3_train_score":{
         "0":0.6335522715,
         "1":0.7116858238,
         "2":0.999589491,
         "3":0.6308155446,
         "4":1.0,
         "5":0.9024356869,
         "6":1.0,
         "7":1.0,
         "8":0.9978106185,
         "9":1.0
      },
      "split4_test_score":{
         "0":0.6041923551,
         "1":0.6707768187,
         "2":0.803945746,
         "3":0.607891492,
         "4":0.794081381,
         "5":0.7435265105,
         "6":0.758323058,
         "7":0.7965474723,
         "8":0.7965474723,
         "9":0.7595561036
      },
      "split4_train_score":{
         "0":0.6278529452,
         "1":0.7073937406,
         "2":0.999863332,
         "3":0.6275796091,
         "4":1.0,
         "5":0.9082957496,
         "6":1.0,
         "7":1.0,
         "8":0.9980866475,
         "9":1.0
      },
      "split5_test_score":{
         "0":0.5856966708,
         "1":0.6411837238,
         "2":0.7755856967,
         "3":0.5930949445,
         "4":0.7953144266,
         "5":0.7163995068,
         "6":0.7558569667,
         "7":0.7768187423,
         "8":0.7879161529,
         "9":0.7398273736
      },
      "split5_train_score":{
         "0":0.6252562526,
         "1":0.7073937406,
         "2":0.9997266639,
         "3":0.6233429001,
         "4":1.0,
         "5":0.9024190242,
         "6":1.0,
         "7":1.0,
         "8":0.9986333197,
         "9":0.9997266639
      },
      "split6_test_score":{
         "0":0.6009913259,
         "1":0.6926889715,
         "2":0.8042131351,
         "3":0.6059479554,
         "4":0.7918215613,
         "5":0.7620817844,
         "6":0.7695167286,
         "7":0.7955390335,
         "8":0.7942998761,
         "9":0.790582404
      },
      "split6_train_score":{
         "0":0.6236852889,
         "1":0.7085097664,
         "2":0.9998634066,
         "3":0.6254610026,
         "4":1.0,