{
    "best_index": 16,
    "best_params": {
        "alpha": 250
    },
    "best_score": 0.8267716535433071,
    "results": {
        "mean_fit_time": {
            "0": 3.1717125654,
            "1": 3.1057932377,
            "10": 2.5269313812,
            "11": 2.7371598005,
            "12": 2.8689038992,
            "13": 2.6842410326,
            "14": 2.4783069611,
            "15": 3.04633708,
            "16": 2.7603057146,
            "2": 3.0142534971,
            "3": 3.1713478565,
            "4": 3.0353795052,
            "5": 2.8568741322,
            "6": 2.7757171631,
            "7": 2.9224329948,
            "8": 2.7682140112,
            "9": 2.7349029303
        },
        "mean_score_time": {
            "0": 0.0727744579,
            "1": 0.0643079519,
            "10": 0.0225408554,
            "11": 0.0215283871,
            "12": 0.0316535711,
            "13": 0.0270890236,
            "14": 0.0224346161,
            "15": 0.033145237,
            "16": 0.0291017771,
            "2": 0.0467124701,
            "3": 0.0411429644,
            "4": 0.0292100906,
            "5": 0.0322276115,
            "6": 0.0280339479,
            "7": 0.0281826973,
            "8": 0.0279785395,
            "9": 0.0191783905
        },
        "mean_test_score": {
            "0": 0.7682086614,
            "1": 0.7683316929,
            "10": 0.8027805118,
            "11": 0.8099163386,
            "12": 0.812992126,
            "13": 0.8172982283,
            "14": 0.8192667323,
            "15": 0.8264025591,
            "16": 0.8267716535,
            "2": 0.7689468504,
            "3": 0.7690698819,
            "4": 0.7721456693,
            "5": 0.7766978346,
            "6": 0.7808809055,
            "7": 0.7880167323,
            "8": 0.7946604331,
            "9": 0.797613189
        },
        "mean_train_score": {
            "0": 0.9977717386,
            "1": 0.9977717386,
            "10": 0.9957895302,
            "11": 0.9949145099,
            "12": 0.9941626051,
            "13": 0.9935201058,
            "14": 0.9930827003,
            "15": 0.988093203,
            "16": 0.9877105097,
            "2": 0.9977717311,
            "3": 0.9977853811,
            "4": 0.9976213232,
            "5": 0.9973478765,
            "6": 0.9971975415,
            "7": 0.9968147846,
            "8": 0.9965550982,
            "9": 0.9962817038
        },
        "param_alpha": {
            "0": 0.001,
            "1": 0.01,
            "10": 30,
            "11": 50,
            "12": 70,
            "13": 90,
            "14": 100,
            "15": 240,
            "16": 250,
            "2": 0.05,
            "3": 0.1,
            "4": 1,
            "5": 3,
            "6": 5,
            "7": 10,
            "8": 15,
            "9": 20
        },
        "params": {
            "0": {
                "alpha": 0.001
            },
            "1": {
                "alpha": 0.01
            },
            "10": {
                "alpha": 30
            },
            "11": {
                "alpha": 50
            },
            "12": {
                "alpha": 70
            },
            "13": {
                "alpha": 90
            },
            "14": {
                "alpha": 100
            },
            "15": {
                "alpha": 240
            },
            "16": {
                "alpha": 250
            },
            "2": {
                "alpha": 0.05
            },
            "3": {
                "alpha": 0.1
            },
            "4": {
                "alpha": 1
            },
            "5": {
                "alpha": 3
            },
            "6": {
                "alpha": 5
            },
            "7": {
                "alpha": 10
            },
            "8": {
                "alpha": 15
            },
            "9": {
                "alpha": 20
            }
        },
        "rank_test_score": {
            "0": 17,
            "1": 16,
            "10": 7,
            "11": 6,
            "12": 5,
            "13": 4,
            "14": 3,
            "15": 2,
            "16": 1,
            "2": 15,
            "3": 14,
            "4": 13,
            "5": 12,
            "6": 11,
            "7": 10,
            "8": 9,
            "9": 8
        },
        "split0_test_score": {
            "0": 0.8009708738,
            "1": 0.802184466,
            "10": 0.8458737864,
            "11": 0.854368932,
            "12": 0.854368932,
            "13": 0.8604368932,
            "14": 0.8640776699,
            "15": 0.8713592233,
            "16": 0.8713592233,
            "2": 0.8009708738,
            "3": 0.7997572816,
            "4": 0.7997572816,
            "5": 0.807038835,
            "6": 0.8131067961,
            "7": 0.8216019417,
            "8": 0.8313106796,
            "9": 0.8361650485
        },
        "split0_train_score": {
            "0": 0.9979463308,
            "1": 0.9979463308,
            "10": 0.9963033954,
            "11": 0.9949342826,
            "12": 0.9939759036,
            "13": 0.9935651698,
            "14": 0.9932913472,
            "15": 0.9886363636,
            "16": 0.9883625411,
            "2": 0.9979463308,
            "3": 0.9979463308,
            "4": 0.9976725082,
            "5": 0.9976725082,
            "6": 0.9975355969,
            "7": 0.9971248631,
            "8": 0.9969879518,
            "9": 0.9968510405
        },
        "split1_test_score": {
            "0": 0.7633495146,
            "1": 0.7609223301,
            "10": 0.7961165049,
            "11": 0.8106796117,
            "12": 0.8106796117,
            "13": 0.8155339806,
            "14": 0.817961165,
            "15": 0.8349514563,
            "16": 0.838592233,
            "2": 0.7621359223,
            "3": 0.7621359223,
            "4": 0.7694174757,
            "5": 0.7754854369,
            "6": 0.7803398058,
            "7": 0.7851941748,
            "8": 0.7912621359,
            "9": 0.7949029126
        },
        "split1_train_score": {
            "0": 0.9978094195,
            "1": 0.9978094195,
            "10": 0.9953450164,
            "11": 0.99466046,
            "12": 0.9939759036,
            "13": 0.9930175246,
            "14": 0.9924698795,
            "15": 0.9875410734,
            "16": 0.9875410734,
            "2": 0.9978094195,
            "3": 0.9978094195,
            "4": 0.9976725082,
            "5": 0.9971248631,
            "6": 0.9969879518,
            "7": 0.9967141292,
            "8": 0.996577218,
            "9": 0.9960295728
        },
        "split2_test_score": {
            "0": 0.7670731707,
            "1": 0.7658536585,
            "10": 0.8085365854,
            "11": 0.812195122,
            "12": 0.8158536585,
            "13": 0.8207317073,
            "14": 0.8243902439,
            "15": 0.8317073171,
            "16": 0.8317073171,
            "2": 0.7658536585,
            "3": 0.7658536585,
            "4": 0.7731707317,
            "5": 0.7768292683,
            "6": 0.7817073171,
            "7": 0.7951219512,
            "8": 0.8012195122,
            "9": 0.8036585366
        },
        "split2_train_score": {
            "0": 0.9972632731,
            "1": 0.9972632731,
            "10": 0.9954844007,
            "11": 0.9948002189,
            "12": 0.9943897099,
            "13": 0.9937055282,
            "14": 0.9932950192,
            "15": 0.9880952381,
            "16": 0.9875478927,
            "2": 0.9972632731,
            "3": 0.9972632731,
            "4": 0.9969896004,
            "5": 0.9968527641,
            "6": 0.9967159278,
            "7": 0.9963054187,
            "8": 0.9958949097,
            "9": 0.9957580733
        },
        "split3_test_score": {
            "0": 0.7926829268,
            "1": 0.7926829268,
            "10": 0.8317073171,
            "11": 0.837804878,
            "12": 0.843902439,
            "13": 0.8487804878,