{
    "best_index": 13,
    "best_params": {
        "alpha": 50
    },
    "best_score": 0.8099163385826772,
    "results": {
        "mean_fit_time": {
            "0": 3.0596527576,
            "1": 3.4032000065,
            "10": 2.891498518,
            "11": 2.7932690382,
            "12": 2.9678034067,
            "13": 2.4796744108,
            "2": 3.2326152325,
            "3": 2.5813830853,
            "4": 2.9688298464,
            "5": 2.8259200573,
            "6": 2.7003485441,
            "7": 3.0308089256,
            "8": 2.7557910681,
            "9": 2.8702331305
        },
        "mean_score_time": {
            "0": 0.0466903925,
            "1": 0.0561008692,
            "10": 0.0268909693,
            "11": 0.0188604116,
            "12": 0.039338994,
            "13": 0.0182191372,
            "2": 0.031978035,
            "3": 0.0258329868,
            "4": 0.0323041439,
            "5": 0.025535655,
            "6": 0.0282659292,
            "7": 0.0287260294,
            "8": 0.0310657263,
            "9": 0.0422717333
        },
        "mean_test_score": {
            "0": 0.7685777559,
            "1": 0.7685777559,
            "10": 0.7946604331,
            "11": 0.797613189,
            "12": 0.8027805118,
            "13": 0.8099163386,
            "2": 0.7682086614,
            "3": 0.7683316929,
            "4": 0.7689468504,
            "5": 0.7690698819,
            "6": 0.7721456693,
            "7": 0.7766978346,
            "8": 0.7808809055,
            "9": 0.7880167323
        },
        "mean_train_score": {
            "0": 0.9977717386,
            "1": 0.9977717386,
            "10": 0.9965550982,
            "11": 0.9962817038,
            "12": 0.9957895302,
            "13": 0.9949145099,
            "2": 0.9977717386,
            "3": 0.9977717386,
            "4": 0.9977717311,
            "5": 0.9977853811,
            "6": 0.9976213232,
            "7": 0.9973478765,
            "8": 0.9971975415,
            "9": 0.9968147846
        },
        "param_alpha": {
            "0": 1e-05,
            "1": 0.0001,
            "10": 15,
            "11": 20,
            "12": 30,
            "13": 50,
            "2": 0.001,
            "3": 0.01,
            "4": 0.05,
            "5": 0.1,
            "6": 1,
            "7": 3,
            "8": 5,
            "9": 10
        },
        "params": {
            "0": {
                "alpha": 1e-05
            },
            "1": {
                "alpha": 0.0001
            },
            "10": {
                "alpha": 15
            },
            "11": {
                "alpha": 20
            },
            "12": {
                "alpha": 30
            },
            "13": {
                "alpha": 50
            },
            "2": {
                "alpha": 0.001
            },
            "3": {
                "alpha": 0.01
            },
            "4": {
                "alpha": 0.05
            },
            "5": {
                "alpha": 0.1
            },
            "6": {
                "alpha": 1
            },
            "7": {
                "alpha": 3
            },
            "8": {
                "alpha": 5
            },
            "9": {
                "alpha": 10
            }
        },
        "rank_test_score": {
            "0": 11,
            "1": 11,
            "10": 4,
            "11": 3,
            "12": 2,
            "13": 1,
            "2": 14,
            "3": 13,
            "4": 10,
            "5": 9,
            "6": 8,
            "7": 7,
            "8": 6,
            "9": 5
        },
        "split0_test_score": {
            "0": 0.8009708738,
            "1": 0.8009708738,
            "10": 0.8313106796,
            "11": 0.8361650485,
            "12": 0.8458737864,
            "13": 0.854368932,
            "2": 0.8009708738,
            "3": 0.802184466,
            "4": 0.8009708738,
            "5": 0.7997572816,
            "6": 0.7997572816,
            "7": 0.807038835,
            "8": 0.8131067961,
            "9": 0.8216019417
        },
        "split0_train_score": {
            "0": 0.9979463308,
            "1": 0.9979463308,
            "10": 0.9969879518,
            "11": 0.9968510405,
            "12": 0.9963033954,
            "13": 0.9949342826,
            "2": 0.9979463308,
            "3": 0.9979463308,
            "4": 0.9979463308,
            "5": 0.9979463308,
            "6": 0.9976725082,
            "7": 0.9976725082,
            "8": 0.9975355969,
            "9": 0.9971248631
        },
        "split1_test_score": {
            "0": 0.7633495146,
            "1": 0.7633495146,
            "10": 0.7912621359,
            "11": 0.7949029126,
            "12": 0.7961165049,
            "13": 0.8106796117,
            "2": 0.7633495146,
            "3": 0.7609223301,
            "4": 0.7621359223,
            "5": 0.7621359223,
            "6": 0.7694174757,
            "7": 0.7754854369,
            "8": 0.7803398058,
            "9": 0.7851941748
        },
        "split1_train_score": {
            "0": 0.9978094195,
            "1": 0.9978094195,
            "10": 0.996577218,
            "11": 0.9960295728,
            "12": 0.9953450164,
            "13": 0.99466046,
            "2": 0.9978094195,
            "3": 0.9978094195,
            "4": 0.9978094195,
            "5": 0.9978094195,
            "6": 0.9976725082,
            "7": 0.9971248631,
            "8": 0.9969879518,
            "9": 0.9967141292
        },
        "split2_test_score": {
            "0": 0.7670731707,
            "1": 0.7670731707,
            "10": 0.8012195122,
            "11": 0.8036585366,
            "12": 0.8085365854,
            "13": 0.812195122,
            "2": 0.7670731707,
            "3": 0.7658536585,
            "4": 0.7658536585,
            "5": 0.7658536585,
            "6": 0.7731707317,
            "7": 0.7768292683,
            "8": 0.7817073171,
            "9": 0.7951219512
        },
        "split2_train_score": {
            "0": 0.9972632731,
            "1": 0.9972632731,
            "10": 0.9958949097,
            "11": 0.9957580733,
            "12": 0.9954844007,
            "13": 0.9948002189,
            "2": 0.9972632731,
            "3": 0.9972632731,
            "4": 0.9972632731,
            "5": 0.9972632731,
            "6": 0.9969896004,
            "7": 0.9968527641,
            "8": 0.9967159278,
            "9": 0.9963054187
        },
        "split3_test_score": {
            "0": 0.7926829268,
            "1": 0.7926829268,
            "10": 0.8243902439,
            "11": 0.8268292683,
            "12": 0.8317073171,
            "13": 0.837804878,
            "2": 0.7926829268,
            "3": 0.7926829268,
            "4": 0.7926829268,
            "5": 0.793902439,
            "6": 0.7975609756,
            "7": 0.8048780488,
            "8": 0.8097560976,
            "9": 0.8182926829
        },
        "split3_train_score": {
            "0": 0.9979474548,
            "1": 0.9979474548,
            "10": 0.9964422551,
            "11": 0.9961685824,
            "12": 0.995621237,
            "13": 0.9943897099,
            "2": 0.9979474548,
            "3": 0.9979474548,
            "4": 0.9979474548,
            "5": 0.9979474548,
            "6": 0.9978106185,
            "7": 0.9972632731,
            "8": 0.9971264368,
            "9": 0.9967159278
        },
        "split4_test_score": {
            "0": 0.8027127004,
            "1": 0.8027127004,
            "10": 0.8249075216,
            "11": 0.8335388409,
            "12": 0.8397040691,
            "13": 0.8434032059,
            "2": 0.8027127004,
            "3": 0.803945746,
            "4": 0.8051787916,
            "5": 0.8051787916,
            "6": 0.8027127004,
            "7": 0.8051787916,
            "8": 0.8113440197,
            "9": 0.8162762022
        },
        "split4_train_score": {
            "0": 0.9976766434,