{
    "best_index": 9,
    "best_params": {
        "alpha": 10
    },
    "best_score": 0.7880167322834646,
    "results": {
        "mean_fit_time": {
            "0": 2.9234408617,
            "1": 3.4483814001,
            "2": 3.2252802372,
            "3": 3.302568388,
            "4": 3.1565074682,
            "5": 2.8250473976,
            "6": 3.0065395832,
            "7": 2.9152996302,
            "8": 3.1417289019,
            "9": 2.8862375498
        },
        "mean_score_time": {
            "0": 0.0525431871,
            "1": 0.0664776564,
            "2": 0.0515212774,
            "3": 0.0302171469,
            "4": 0.0306199551,
            "5": 0.0405080557,
            "6": 0.0378981352,
            "7": 0.029058218,
            "8": 0.0434643745,
            "9": 0.0273616314
        },
        "mean_test_score": {
            "0": 0.7685777559,
            "1": 0.7685777559,
            "2": 0.7682086614,
            "3": 0.7683316929,
            "4": 0.7689468504,
            "5": 0.7690698819,
            "6": 0.7721456693,
            "7": 0.7766978346,
            "8": 0.7808809055,
            "9": 0.7880167323
        },
        "mean_train_score": {
            "0": 0.9977717386,
            "1": 0.9977717386,
            "2": 0.9977717386,
            "3": 0.9977717386,
            "4": 0.9977717311,
            "5": 0.9977853811,
            "6": 0.9976213232,
            "7": 0.9973478765,
            "8": 0.9971975415,
            "9": 0.9968147846
        },
        "param_alpha": {
            "0": 1e-05,
            "1": 0.0001,
            "2": 0.001,
            "3": 0.01,
            "4": 0.05,
            "5": 0.1,
            "6": 1,
            "7": 3,
            "8": 5,
            "9": 10
        },
        "params": {
            "0": {
                "alpha": 1e-05
            },
            "1": {
                "alpha": 0.0001
            },
            "2": {
                "alpha": 0.001
            },
            "3": {
                "alpha": 0.01
            },
            "4": {
                "alpha": 0.05
            },
            "5": {
                "alpha": 0.1
            },
            "6": {
                "alpha": 1
            },
            "7": {
                "alpha": 3
            },
            "8": {
                "alpha": 5
            },
            "9": {
                "alpha": 10
            }
        },
        "rank_test_score": {
            "0": 7,
            "1": 7,
            "2": 10,
            "3": 9,
            "4": 6,
            "5": 5,
            "6": 4,
            "7": 3,
            "8": 2,
            "9": 1
        },
        "split0_test_score": {
            "0": 0.8009708738,
            "1": 0.8009708738,
            "2": 0.8009708738,
            "3": 0.802184466,
            "4": 0.8009708738,
            "5": 0.7997572816,
            "6": 0.7997572816,
            "7": 0.807038835,
            "8": 0.8131067961,
            "9": 0.8216019417
        },
        "split0_train_score": {
            "0": 0.9979463308,
            "1": 0.9979463308,
            "2": 0.9979463308,
            "3": 0.9979463308,
            "4": 0.9979463308,
            "5": 0.9979463308,
            "6": 0.9976725082,
            "7": 0.9976725082,
            "8": 0.9975355969,
            "9": 0.9971248631
        },
        "split1_test_score": {
            "0": 0.7633495146,
            "1": 0.7633495146,
            "2": 0.7633495146,
            "3": 0.7609223301,
            "4": 0.7621359223,
            "5": 0.7621359223,
            "6": 0.7694174757,
            "7": 0.7754854369,
            "8": 0.7803398058,
            "9": 0.7851941748
        },
        "split1_train_score": {
            "0": 0.9978094195,
            "1": 0.9978094195,
            "2": 0.9978094195,
            "3": 0.9978094195,
            "4": 0.9978094195,
            "5": 0.9978094195,
            "6": 0.9976725082,
            "7": 0.9971248631,
            "8": 0.9969879518,
            "9": 0.9967141292
        },
        "split2_test_score": {
            "0": 0.7670731707,
            "1": 0.7670731707,
            "2": 0.7670731707,
            "3": 0.7658536585,
            "4": 0.7658536585,
            "5": 0.7658536585,
            "6": 0.7731707317,
            "7": 0.7768292683,
            "8": 0.7817073171,
            "9": 0.7951219512
        },
        "split2_train_score": {
            "0": 0.9972632731,
            "1": 0.9972632731,
            "2": 0.9972632731,
            "3": 0.9972632731,
            "4": 0.9972632731,
            "5": 0.9972632731,
            "6": 0.9969896004,
            "7": 0.9968527641,
            "8": 0.9967159278,
            "9": 0.9963054187
        },
        "split3_test_score": {
            "0": 0.7926829268,
            "1": 0.7926829268,
            "2": 0.7926829268,
            "3": 0.7926829268,
            "4": 0.7926829268,
            "5": 0.793902439,
            "6": 0.7975609756,
            "7": 0.8048780488,
            "8": 0.8097560976,
            "9": 0.8182926829
        },
        "split3_train_score": {
            "0": 0.9979474548,
            "1": 0.9979474548,
            "2": 0.9979474548,
            "3": 0.9979474548,
            "4": 0.9979474548,
            "5": 0.9979474548,
            "6": 0.9978106185,
            "7": 0.9972632731,
            "8": 0.9971264368,
            "9": 0.9967159278
        },
        "split4_test_score": {
            "0": 0.8027127004,
            "1": 0.8027127004,
            "2": 0.8027127004,
            "3": 0.803945746,
            "4": 0.8051787916,
            "5": 0.8051787916,
            "6": 0.8027127004,
            "7": 0.8051787916,
            "8": 0.8113440197,
            "9": 0.8162762022
        },
        "split4_train_score": {
            "0": 0.9976766434,
            "1": 0.9976766434,
            "2": 0.9976766434,
            "3": 0.9976766434,
            "4": 0.9975399754,
            "5": 0.9975399754,
            "6": 0.9972666393,
            "7": 0.9968566352,
            "8": 0.9968566352,
            "9": 0.9967199672
        },
        "split5_test_score": {
            "0": 0.7817509248,
            "1": 0.7817509248,
            "2": 0.7817509248,
            "3": 0.7817509248,
            "4": 0.7817509248,
            "5": 0.7805178792,
            "6": 0.7829839704,
            "7": 0.7854500617,
            "8": 0.7903822441,
            "9": 0.7965474723
        },
        "split5_train_score": {
            "0": 0.9982233156,
            "1": 0.9982233156,
            "2": 0.9982233156,
            "3": 0.9982233156,
            "4": 0.9982233156,
            "5": 0.9982233156,
            "6": 0.9982233156,
            "7": 0.9980866475,
            "8": 0.9979499795,
            "9": 0.9974033074
        },
        "split6_test_score": {
            "0": 0.7955390335,
            "1": 0.7955390335,
            "2": 0.7955390335,
            "3": 0.7955390335,
            "4": 0.7980173482,
            "5": 0.8004956629,
            "6": 0.8091697646,
            "7": 0.8141263941,
            "8": 0.8215613383,
            "9": 0.8314745973
        },
        "split6_train_score": {
            "0": 0.9974047261,
            "1": 0.9974047261,
            "2": 0.9974047261,
            "3": 0.9974047261,
            "4": 0.9975413195,
            "5": 0.9975413195,
            "6": 0.9974047261,
            "7": 0.996994946,
            "8": 0.9968583527,
            "9": 0.9961753859
        },
        "split7_test_score": {
            "0": 0.741016109,
            "1": 0.741016109,
            "2": 0.7372986369,
            "3": 0.7397769517,
            "4": 0.7422552664,
            "5": 0.741016109,
            "6": 0.7385377943,
            "7": 0.7372986369,
            "8": 0.7385377943,
            "9": 0.7484510533
        },